date,weekday,day_type,rides
2024-01-01,Mon,Weekday,47278
2024-01-02,Tue,Weekday,68149
2024-01-03,Wed,Weekday,76559
2024-01-04,Thu,Weekday,77481
2024-01-05,Fri,Weekday,72462
2024-01-06,Sat,Weekend,43303
2024-01-07,Sun,Weekend,35678
2024-01-08,Mon,Weekday,78486
2024-01-09,Tue,Weekday,43043
2024-01-10,Wed,Weekday,81677
2024-01-11,Thu,Weekday,89191
2024-01-12,Fri,Weekday,86113
2024-01-13,Sat,Weekend,63877
2024-01-14,Sun,Weekend,48901
2024-01-15,Mon,Weekday,45568
2024-01-16,Tue,Weekday,27367
2024-01-17,Wed,Weekday,42792
2024-01-18,Thu,Weekday,55542
2024-01-19,Fri,Weekday,44055
2024-01-20,Sat,Weekend,37219
2024-01-21,Sun,Weekend,36317
2024-01-22,Mon,Weekday,61067
2024-01-23,Tue,Weekday,70660
2024-01-24,Wed,Weekday,65912
2024-01-25,Thu,Weekday,74927
2024-01-26,Fri,Weekday,72363
2024-01-27,Sat,Weekend,80215
2024-01-28,Sun,Weekend,29745
2024-01-29,Mon,Weekday,70788
2024-01-30,Tue,Weekday,78296
2024-01-31,Wed,Weekday,82644
