rider_type,bin_start,rides,share
member,0,495137,0.29514586603131493
member,5,594436,0.3543369370905239
member,10,286798,0.17095721807509653
member,15,135633,0.08084937956045568
member,20,69918,0.041677371436950744
member,25,39159,0.023342260764031494
member,30,21852,0.013025743308450579
member,35,12844,0.007656170925029253
member,40,7616,0.004539816082608439
member,45,4029,0.0024016437758441964
member,50,2315,0.0013799467215386734
member,55,1519,0.0009054596414761317
member,60,1866,0.0011123026273827925
member,65,1586,0.0009453976243457174
member,70,845,0.0005036954555940298
member,75,538,0.00032069604154980833
member,80,387,0.00023068655776910005
member,85,285,0.0001698854495198799
member,90,226,0.00013471618102278194
member,95,170,0.00010133518041536695
member,100,152,9.060557307726926e-05
member,105,91,5.424412598704936e-05
member,110,106,6.31854654354641e-05
member,115,93,5.543630458017133e-05
casual,0,33561,0.16235710726569946
casual,5,67904,0.3284972739718738
casual,10,40471,0.19578542022437123
casual,15,22325,0.10800102558644678
casual,20,13878,0.06713721088863195
casual,25,8781,0.042479597118682606
casual,30,5455,0.02638950031686751
casual,35,3400,0.016448084523803766
casual,40,2536,0.012268335985990102
casual,45,1745,0.008441737498246345
casual,50,1335,0.006458292011552361
casual,55,964,0.004663515729690244
casual,60,969,0.004687704089284073
casual,65,794,0.003841111503500056
casual,70,615,0.0029751682300409752
casual,75,451,0.002181790035363382
casual,80,345,0.0016689968119742056
casual,85,264,0.0012771453865541747
casual,90,221,0.0010691254940472447
casual,95,183,0.0008852939611341438
casual,100,149,0.0007208131158961061
casual,105,144,0.0006966247563022771
casual,110,130,0.0006288973494395557
casual,115,91,0.00044022814460768897
