day_type,hour,mean_rides_per_day
Weekday,0,577.696
Weekday,1,355.696
Weekday,2,251.261
Weekday,3,166.174
Weekday,4,199.0
Weekday,5,640.0
Weekday,6,1761.565
Weekday,7,3702.0
Weekday,8,5685.043
Weekday,9,4058.174
Weekday,10,2769.739
Weekday,11,2706.304
Weekday,12,3085.696
Weekday,13,3305.043
Weekday,14,3813.565
Weekday,15,4356.696
Weekday,16,4991.913
Weekday,17,6197.87
Weekday,18,5645.826
Weekday,19,4025.957
Weekday,20,2763.0
Weekday,21,2102.957
Weekday,22,1564.565
Weekday,23,1031.652
Weekend,0,978.875
Weekend,1,643.375
Weekend,2,390.875
Weekend,3,261.375
Weekend,4,182.125
Weekend,5,180.625
Weekend,6,428.5
Weekend,7,773.75
Weekend,8,1443.375
Weekend,9,2242.5
Weekend,10,3118.875
Weekend,11,3706.25
Weekend,12,3834.125
Weekend,13,3952.125
Weekend,14,4094.0
Weekend,15,3925.5
Weekend,16,3614.125
Weekend,17,2945.5
Weekend,18,2643.75
Weekend,19,2199.875
Weekend,20,1712.125
Weekend,21,1391.25
Weekend,22,1210.25
Weekend,23,1033.75
