weekday,hour,mean_rides_per_day,days
Mon,0,745.2,23
Mon,1,647.6,23
Mon,2,506.8,23
Mon,3,310.8,23
Mon,4,265.8,23
Mon,5,549.6,23
Mon,6,1350.6,23
Mon,7,2749.2,23
Mon,8,4260.2,23
Mon,9,3234.8,23
Mon,10,2581.8,23
Mon,11,2740.0,23
Mon,12,3182.2,23
Mon,13,3470.2,23
Mon,14,3973.0,23
Mon,15,4429.0,23
Mon,16,4823.6,23
Mon,17,5359.4,23
Mon,18,5157.2,23
Mon,19,3754.4,23
Mon,20,2560.0,23
Mon,21,1816.0,23
Mon,22,1282.4,23
Mon,23,887.6,23
Tue,0,468.6,23
Tue,1,232.0,23
Tue,2,158.6,23
Tue,3,109.8,23
Tue,4,173.8,23
Tue,5,690.0,23
Tue,6,1957.2,23
Tue,7,4085.2,23
Tue,8,6331.4,23
Tue,9,4267.6,23
Tue,10,2577.4,23
Tue,11,2135.4,23
Tue,12,2357.0,23
Tue,13,2576.8,23
Tue,14,2908.2,23
Tue,15,3417.8,23
Tue,16,4044.6,23
Tue,17,5332.8,23
Tue,18,4771.4,23
Tue,19,3293.8,23
Tue,20,2126.8,23
Tue,21,1592.0,23
Tue,22,1187.8,23
Tue,23,707.0,23
Wed,0,411.8,23
Wed,1,226.6,23
Wed,2,140.2,23
Wed,3,116.0,23
Wed,4,180.6,23
Wed,5,709.2,23
Wed,6,1986.4,23
Wed,7,4168.0,23
Wed,8,6622.8,23
Wed,9,4655.2,23
Wed,10,3044.2,23
Wed,11,2853.6,23
Wed,12,3186.2,23
Wed,13,3303.2,23
Wed,14,3757.4,23
Wed,15,4221.0,23
Wed,16,5017.0,23
Wed,17,6718.8,23
Wed,18,6166.2,23
Wed,19,4200.0,23
Wed,20,2984.2,23
Wed,21,2341.8,23
Wed,22,1781.6,23
Wed,23,1124.8,23
Thu,0,591.5,23
Thu,1,285.5,23
Thu,2,198.25,23
Thu,3,131.0,23
Thu,4,181.5,23
Thu,5,643.75,23
Thu,6,1837.75,23
Thu,7,4012.0,23
Thu,8,6056.0,23
Thu,9,4281.75,23
Thu,10,2830.25,23
Thu,11,2879.0,23
Thu,12,3332.75,23
Thu,13,3516.25,23
Thu,14,4227.75,23
Thu,15,4929.5,23
Thu,16,5807.0,23
Thu,17,7625.25,23
Thu,18,6880.25,23
Thu,19,4939.0,23
Thu,20,3352.0,23
Thu,21,2607.0,23
Thu,22,1936.0,23
Thu,23,1204.25,23
Fri,0,698.25,23
Fri,1,377.0,23
Fri,2,239.5,23
Fri,3,153.75,23
Fri,4,187.5,23
Fri,5,600.25,23
Fri,6,1673.5,23
Fri,7,3521.5,23
Fri,8,5115.0,23
Fri,9,3855.75,23
Fri,10,2841.5,23
Fri,11,3021.0,23
Fri,12,3503.25,23
Fri,13,3800.0,23
Fri,14,4402.0,23
Fri,15,5036.75,23
Fri,16,5540.0,23
Fri,17,6248.75,23
Fri,18,5464.75,23
Fri,19,4150.0,23
Fri,20,2946.5,23
Fri,21,2297.75,23
Fri,22,1745.5,23
Fri,23,1328.5,23
Sat,0,969.25,8
Sat,1,669.75,8
Sat,2,427.5,8
Sat,3,285.25,8
Sat,4,213.5,8
Sat,5,235.25,8
Sat,6,567.5,8
Sat,7,1065.0,8
Sat,8,2017.0,8
Sat,9,2955.25,8
Sat,10,3923.75,8
Sat,11,4759.5,8
Sat,12,4812.0,8
Sat,13,4965.0,8
Sat,14,5000.25,8
Sat,15,4572.5,8
Sat,16,4058.75,8
Sat,17,3310.0,8
Sat,18,2876.5,8
Sat,19,2433.5,8
Sat,20,1881.5,8
Sat,21,1511.5,8
Sat,22,1350.0,8
Sat,23,1293.5,8
Sun,0,988.5,8
Sun,1,617.0,8
Sun,2,354.25,8
Sun,3,237.5,8
Sun,4,150.75,8
Sun,5,126.0,8
Sun,6,289.5,8
Sun,7,482.5,8
Sun,8,869.75,8
Sun,9,1529.75,8
Sun,10,2314.0,8
Sun,11,2653.0,8
Sun,12,2856.25,8
Sun,13,2939.25,8
Sun,14,3187.75,8
Sun,15,3278.5,8
Sun,16,3169.5,8
Sun,17,2581.0,8
Sun,18,2411.0,8
Sun,19,1966.25,8
Sun,20,1542.75,8
Sun,21,1271.0,8
Sun,22,1070.5,8
Sun,23,774.0,8
